row_id,question,context,ground_truth,supported_yes_no,notes
33,Is Acupuncture Efficacious for Treating Phonotraumatic Vocal Pathologies?,"To investigate the effectiveness of acupuncture in treating phonotraumatic vocal fold lesions.STUDY DESIGN/ A total of 123 dysphonic individuals with benign vocal pathologies were recruited. They were given either genuine acupuncture (n = 40), sham acupuncture (n = 44), or no treatment (n = 39) for 6 weeks (two 30-minute sessions/wk). The genuine acupuncture group received needles puncturing nine voice-related acupoints for 30 minutes, two times a week for 6 weeks, whereas the sham acupuncture group received blunted needles stimulating the skin surface of the nine acupoints for the same frequency and duration. The no-treatment group did not receive any intervention but attended just the assessment sessions. One-hundred seventeen subjects completed the study (genuine acupuncture = 40; sham acupuncture = 43; and no treatment = 34), but only 84 of them had a complete set of vocal functions and quality of life measures (genuine acupuncture = 29; sham acupuncture = 33; and no-treatment = 22) and 42 of them with a complete set of endoscopic data (genuine acupuncture = 16; sham acupuncture = 15; and no treatment = 11). Significant improvement in vocal function, as indicated by the maximum fundamental frequency produced, and also perceived quality of life, were found in both the genuine and sham acupuncture groups, but not in the no-treatment group. Structural (morphological) improvements were, however, only noticed in the genuine acupuncture group, which demonstrated a significant reduction in the size of the vocal fold lesions.",The findings showed that acupuncture of voice-related acupoints could bring about improvement in vocal function and healing of vocal fold lesions.,no,
49,Assessment of carotid artery stenosis before coronary artery bypass surgery. Is it always necessary?,"Extracranial internal carotid artery stenosis is a risk factor for perioperative stroke in patients undergoing coronary artery bypass surgery (CAB). Although selective and non-selective methods of preoperative carotid screening have been advocated, it remains unclear if this screening is clinically relevant.AIM: To test whether selective carotid screening is as effective as non-selective screening in detecting significant carotid disease. The case records of patients consecutively undergoing CAB were reviewed. Patients were stratified retrospectively into high- or low-risk groups according to risk factors for significant carotid stenosis and perioperative stroke: peripheral vascular disease (PVD), carotid bruit, diabetes mellitus, age>70 years and/or history of cerebrovascular disease. Prevalence of carotid stenosis detected by ultrasonography, surgical management and perioperative stroke rates were determined in each group. Overall, 205 consecutive patients underwent preoperative carotid screening. The prevalence of significant carotid stenosis was 5.8%. Univariate analysis confirmed that PVD (P=0.005), carotid bruit (P=0.003) and diabetes mellitus (P=0.05) were significant risk factors for stenosis. Carotid stenosis was a risk factor for stroke (P=0.03). Prevalence of carotid stenosis was higher in the high-risk group (9.1%) than the low-risk group (1.2%) (P<0.05). All concomitant or staged carotid endarterectomies/CAB (5/205) and all patients who had perioperative strokes (5/205) were in the high-risk group (P=0.01).","In our cohort, selective screening of patients aged>70 years, with carotid bruit, a history of cerebrovascular disease, diabetes mellitus or PVD would have reduced the screening load by 40%, with trivial impact on surgical management or neurological outcomes.",no,
53,Processing fluency effects: can the content and presentation of participant information sheets influence recruitment and participation for an antenatal intervention?,"To assess the extent to which the title and font of participant information sheets (PISs) can influence pregnant women's and trainee midwives' perceptions of an antenatal intervention. Pregnant women (n=35) and trainee midwives (n=36) were randomly presented with one of four PISs where the title and font of the PIS had been manipulated to create four experimental conditions (i.e., Double Fluent; Double Awkward; Fluent Title-Awkward Font; Awkward Title-Fluent Font). After reading the PIS, participants rated their perceptions of the intervention (i.e., Attractiveness, Complexity, Expected Risk, Required Effort) using five-point Likert scales. A 4×2 factorial multivariate analysis of variance revealed that pregnant women rated the Double Awkward condition as significantly more complex than the Double Fluent (p=.024) and Awkward Title-Fluent Font (p=.021) conditions.",Font influenced pregnant women's ratings of intervention complexity.,yes,
56,Does immediate breast reconstruction compromise the delivery of adjuvant chemotherapy?,"Immediate breast reconstruction (IBR) provides psychological benefit to many early breast cancer patients however concerns persist regarding its potential impact on chemotherapy delivery. We investigated the association between IBR, complications and adjuvant chemotherapy delivery. Retrospective analysis of patients in an academic breast service, who underwent mastectomy, with or without reconstruction, and received adjuvant chemotherapy. Comparisons were made between 107 patients who received IBR and 113 who received mastectomy alone. Those receiving IBR were on average younger, with lower body mass index (BMI) and better prognoses. Overall complication rates were comparable (mastectomy alone: 45.1% versus IBR: 35.5%, p = 0.2). There was more return to surgery in the IBR group with 11.5% of tissue expanders requiring removal, whilst more seromas occurred in the mastectomy group. There was no significant difference in the median time to chemotherapy.","We found no evidence that IBR compromised the delivery of adjuvant chemotherapy, although there was a significant incidence of implant infection.",no,
85,"Are normally sighted, visually impaired, and blind pedestrians accurate and reliable at making street crossing decisions?","The purpose of this study is to measure the accuracy and reliability of normally sighted, visually impaired, and blind pedestrians at making street crossing decisions using visual and/or auditory information. Using a 5-point rating scale, safety ratings for vehicular gaps of different durations were measured along a two-lane street of one-way traffic without a traffic signal. Safety ratings were collected from 12 normally sighted, 10 visually impaired, and 10 blind subjects for eight different gap times under three sensory conditions: (1) visual plus auditory information, (2) visual information only, and (3) auditory information only. Accuracy and reliability in street crossing decision-making were calculated for each subject under each sensory condition. We found that normally sighted and visually impaired pedestrians were accurate and reliable in their street crossing decision-making ability when using either vision plus hearing or vision only (P>0.05). Under the hearing only condition, all subjects were reliable (P>0.05) but inaccurate with their street crossing decisions (P<0.05). Compared to either the normally sighted (P = 0.018) or visually impaired subjects (P = 0.019), blind subjects were the least accurate with their street crossing decisions under the hearing only condition.","Our data suggested that visually impaired pedestrians can make accurate and reliable street crossing decisions like those of normally sighted pedestrians. When using auditory information only, all subjects significantly overestimated the vehicular gap time. Our finding that blind pedestrians performed significantly worse than either the normally sighted or visually impaired subjects under the hearing only condition suggested that they may benefit from training to improve their detection ability and/or interpretation of vehicular gap times.",no,
113,Perioperative care in an animal model for training in abdominal surgery: is it necessary a preoperative fasting?,"Demonstrate that the rabbit may be used in the training of surgery, in addition to present its perioperative care. Thirty two animals, with age and weight, respectively, from 3 to 5.5 months old and 3000 to 4200 grams, were undergone different periods of pre-operative fasting, exclusive intramuscular anesthesia (ketamine+xylazine), laparotomy with total gastrectomy and total splenectomy. It was dosed the pre-operative (initial) and post-surgical (end) serum blood glucose, in addition to quantify the gastric content after the resection of the part. The anesthetical-surgical procedure presented a mortality rate of 3.125% (1:32) and a morbidity rate of 6.25% (2:32). It was evidenced an initial mean blood glucose = 199.4 mg/dl and the end = 326.1 mg/dl. In spite of extended fasting (minimum of 2 hours for the absolute fasting and maximum of 8.5 hours for liquids, and 20.5 hours for solids) all animals presented at the end of the surgical procedure any gastric content and a blood glucose increase. Those with fasting for liquids and solids when compared to the quantity of solid gastric content, presented a moderate negative degree of correlation.","The rabbit is a good model to be used in training of surgery, with a low morbi-mortality, able to be anesthetized intramuscularly, with no need of pre-operative fasting and does not present hypoglycemia even with the extended fasting period.",no,
150,Are serum leptin levels a prognostic factor in advanced lung cancer?,"There are 71 previously untreated patients with cytological or histological evidence of primary lung cancer who were admitted to the oncology department between November 2013 and August 2014. Forty-five healthy individuals with age, sex and BMI matching the lung cancer patients, were recruited to take part in the study as a control group. Leptin levels were measured quantitatively by using a microELISA kit. The serum leptin levels at diagnosis were significantly lower in lung cancer patients than those in control subjects (4.75±4.91 ng/ml, 9.67±8.02 ng/ml; p<0.001). We did not find any significant difference in leptin values related to clinicopathological parameters such as ECOG PS, weight loss, histological type, disease stage and TNM classification. Nevertheless, we demonstrated a significant correlation between serum leptin levels and BMI in lung cancer patients (correlation coefficient: 0.303; p>0.010). The analysis of serum leptin values did not show any association with the overall survival of the patients.","Our results showed that the serum leptin level has no prognostic indications in advanced lung cancer patients. Leptin is decreased in lung cancer, and there is lack of correlation with tumour‑related factors including prognosis. Therefore, leptin is not a useful clinical marker in lung cancer (Tab. 2, Fig. 2, Ref. 22).",yes,
174,Quality of life in lung cancer patients: does socioeconomic status matter?,"As part of a prospective study on quality of life in newly diagnosed lung cancer patients an investigation was carried out to examine whether there were differences among patients' quality of life scores and their socioeconomic status. Quality of life was measured at two points in time (baseline and three months after initial treatment) using three standard instruments; the Nottingham Health Profile (NHP), the European Organization for Research and Cancer Treatment Quality of Life Questionnaire (EORTC QLQ-C30) and its lung cancer supplement (QLQ-LC13). Socioeconomic status for each individual patient was derived using Carstairs and Morris Deprivation Category ranging from 1 (least deprived) to 7 (most deprived) on the basis of the postcode sector of their address. In all, 129 lung cancer patients entered into the study. Of these data for 82 patients were complete (at baseline and follow-up). 57% of patients were of lower socioeconomic status and they had more health problems, less functioning, and more symptoms as compared to affluent patients. Of these, physical mobility (P = 0.05), energy (P = 0.01), role functioning (P = 0.04), physical functioning (P = 0.03), and breathlessness (P = 0.02) were significant at baseline. However, at follow-up assessment there was no significant difference between patient groups nor did any consistent pattern emerge.","At baseline assessment patients of lower socioeconomic status showed lower health related quality of life. Since there was no clear trend at follow-up assessment this suggests that patients from different socioeconomic status responded to treatment similarly. In general, the findings suggest that quality of life is not only the outcome of the disease and its treatment, but is also highly dependent on each patients' socioeconomic characteristics.",yes,
184,Are there risk factors that increase the rate of staple line leakage in patients undergoing primary sleeve gastrectomy for morbid obesity?,"Laparoscopic sleeve gastrectomy (LSG) is currently being performed with increasing frequency worldwide. It offers an excellent weight loss and resolution of comorbidities in the short term with a very low incidence of complications. However, the ever present risk of a staple line leak is still a major concern. Since 2005, data from obese patients that undergo bariatric procedures in Germany are prospectively registered in an online database and analyzed at the Institute of Quality Assurance in Surgical Medicine. For the current analysis, all patients that had undergone primary sleeve gastrectomy for morbid obesity within a 7-year period were considered. Using the GBSR, data from 5.400 LSGs were considered for analysis. Staple line leak rate decreased during the study period from 6.5 to 1.4 %. Male gender, higher BMI, concomitant sleep apnea, conversion to laparotomy, longer operation time, use of both buttresses and oversewing, and the occurrence of intraoperative complications were associated with a significantly higher leakage rate. On multivariate analysis, operation time and year of procedure only had a significant impact on staple line leak rate.","The results of the current study demonstrated that there are factors that increase the risk of a leakage which would enable surgeons to define risk groups, to more carefully select patients, and to offer a closer follow-up during the postoperative course with early recognition and adequate treatment. All future efforts should be focused on a further reduction of serious complications to make the LSG a widely accepted and safer procedure.",yes,
185,Chronic functional somatic symptoms: a single syndrome?,"Reliable longitudinal data of patients with functional somatic symptoms in general practice are lacking. To identify distinctive features in patients with chronic functional somatic symptoms, and to determine whether these symptoms support the hypothesis of the existence of specific somatic syndromes. Observational study, with a comparison control group. Four primary care practices affiliated with the University of Nijmegen in the Netherlands. One hundred and eighty-two patients diagnosed between 1998 and 2002 as having chronic functional somatic symptoms and 182 controls matched by age, sex, socioeconomic status, and practice were included. Data on comorbidity, referrals, diagnostic tests, and hospital admissions over a period of 10 years prior to the diagnosis were collected. Medication use and number of visits to the general practitioner (GP) were extracted from the moment computerised registration was started. In the 10 years before the diagnosis of chronic functional somatic symptoms, significantly more patients than controls presented functional somatic symptoms in at least two body systems, and used more somatic and psychotropic drugs. They visited the GP twice as much, statistically had significantly more psychiatric morbidity, and were referred more often to mental health workers and somatic specialists. The number of patients undergoing diagnostic tests was higher for patients with chronic functional somatic symptoms than for controls, but hospital admissions rates were equal.","Patients with chronic functional somatic symptoms have a great diversity of functional somatic symptoms. They use more somatic and psychotropic drugs than controls in the years before diagnosis. Moreover, they show high rates of referrals and psychiatric morbidity. The diversity of symptoms of patients with chronic functional somatic symptoms supports the concept that symptoms do not cluster in well defined distinct syndromes. Therefore, patients with chronic functional somatic symptoms should preferably not be classified into medical subspecialty syndromes.",no,
264,Cold knife conization vs. LEEP. Are they the same procedure?,"To prospectively evaluate the amount of tissue removed at loop electrosurgical excision procedure (LEEP) vs. cold knife conization. Forty consecutive LEEP or cold knife conization specimens were prospectively measured and weighed by a single pathology technician. Diameter, length and weight of the specimens were compared using Student's t test. Mean diameter of cold knife cone specimens was 2.6 vs. 2.2 cm for LEEP (P = .07). Mean length of cold knife cone specimens was 1.5 vs. 1.0 cm for LEEP (P = .001). Mean weight for cold knife cone specimens was 4.4 vs. 2.0 g for LEEP (P = .001).","In a prospective evaluation, cold knife cone specimens were 50% longer and 100% heavier than LEEP specimens.",yes,
336,School food policy at Dutch primary schools: room for improvement?,"Schools can play an important role in the prevention of obesity, e.g. by providing an environment that stimulates healthy eating habits and by developing a food policy to provide such an environment. The effectiveness of a school food policy is affected by the content of the policy, its implementation and its support by parents, teachers and principals. The aim of this study is to detect opportunities to improve the school food policy and/or implementation at Dutch primary schools. Therefore, this study explores the school food policy and investigates schools' (teachers and principals) and parents' opinion on the school food policy. Data on the schools' perspective of the food policy was collected from principals and teachers by means of semi-structured interviews. In total 74 principals and 72 teachers from 83 Dutch primary schools were interviewed. Data on parental perceptions about the school food policy were based on a cross-sectional survey among 1,429 parents from the same schools. Most principals (87.1%) reported that their school had a written food policy; however in most cases the rules were not clearly defined. Most of the principals (87.8%) believed that their school paid sufficient attention to nutrition and health. Teachers and principals felt that parents were primarily responsible to encourage healthy eating habits among children, while 49.8% of the parents believed that it is also a responsibility of the school to foster healthy eating habits among children. Most parents reported that they appreciated the school food policy and comply with the food rules. Parents' opinion on the enforcement of the school food policy varied: 28.1% believed that the school should enforce the policy more strongly, 32.1% was satisfied, and 39.8% had no opinion on this topic.","Dutch primary schools could play a more important role in fostering healthy eating habits among children. The school food policy could be improved by clearly formulating food rules, simplifying supervision of the food rules, and defining how to enforce the food rules. In addition, the school food policy will only influence children's dietary behaviour if both the school and the parents support the policy.",no,
350,Birth characteristics and risk of low intellectual performance in early adulthood: are the associations confounded by socioeconomic factors in adolescence or familial effects?,"In this study we investigated whether the association between measures of fetal growth restriction and intellectual performance was mediated by socioeconomic or familial factors. This was a population-based cohort study of 357,768 Swedish males born as singletons without congenital malformations between 1973 and 1981. The main outcome measure was intellectual performance at military conscription. Compared with men born with appropriate birth weight for gestational age, men born light for gestational age suffered an increased risk of low intellectual performance after adjustment for maternal and socioeconomic factors. The increase in risk of low intellectual performance related to a decrease in birth weight for gestational age was similar between families and within families. Men born short or with a small head circumference for gestational age were also at increased risk of low intellectual performance, both when adjusting for maternal and socioeconomic factors and within families.",We found that all of the studied dimensions of restricted fetal growth are independently associated with increased risks of low intellectual performance and that these associations are only partly mediated by socioeconomic or familial factors.,no,
354,Do symptoms matter when considering patients for phase I clinical trials?,"Older adults (OA) with advanced cancer (AC) undergoing phase I clinical trials (PICT) have poor prognosis. There are no studies which describe symptoms experienced by OA. Retrospective chart review of PICT participants>60 years. OA were compared by age (>65 vs 60-65) and by number of symptoms (>3 vs ≤3). N = 56. Mean age = 67.09; 48.21% female. Median life-expectancy = 5 months (interquartile range = 2-9 months); 80.36% had pain; of those 64% without pain scale. Most did not have interdisciplinary professionals or hospice referrals. Older adults with>3 symptoms had more admissions (37.5% vs 14.29%; P = .0335), complications (46.43% vs 16.07%; P = .0026), and greater decline in functional status (24 participants>3 symptoms vs 8; P = .0173). There were no significant differences comparing OA by age.",Older adults enrolled in PICT with more symptoms may sacrifice QOL for experimental treatment.,no,
365,Is there an intrauterine influence on obesity?,"It has been suggested that increasing obesity levels in young women lead to intrauterine environments that, in turn, stimulate increased obesity among their offspring, generating an intergenerational acceleration of obesity levels. If this mechanism is important, the association of maternal body mass index (BMI) with offspring BMI should be stronger than the association of paternal with offspring BMI. To compare the relative strengths of association of maternal and paternal BMI with offspring BMI at age 7.5, taking into account the possible effect of non-paternity. We compared strength of association for maternal-offspring and paternal-offspring BMI for 4654 complete parent-offspring trios in the Avon Longitudinal Study of Parents and Children (ALSPAC), using unstandardised and standardised regression analysis. We carried out a sensitivity analysis to investigate the influence of non-paternity on these associations. The strength of association between parental BMI and offspring BMI at age 7.5 was similar for both parents. Taking into account correlations between maternal and paternal BMI, performing standardised rather than unstandardised regression and carrying out a sensitivity analysis for non-paternity emphasised the robustness of the general similarity of the associations. The associations between high parental BMI (top decile) and offspring BMI are also similar for both parents.",Comparison of mother-offspring and father-offspring associations for BMI suggests that intergenerational acceleration mechanisms do not make an important contribution to levels of childhood BMI within the population. Associations at later ages and for different components of body composition now require study.,no,
369,Cutaneous melanoma in a multiethnic population: is this a different disease?,"Cutaneous melanoma in nonwhite persons has a manifestation and a prognosis that are different than those of cutaneous melanoma in white persons. Case series. Tertiary care university-affiliated community medical center located in a multiethnic state in which white persons are a minority of the population. Consecutive series of 357 patients with melanoma seen between January 1994 and August 2003. Ethnicity, age, sex, primary site, tumor thickness, nodal status, stage at diagnosis, and survival. There were 208 men and 149 women who ranged in age from 15 to 93 years (mean, 58 years). Twenty-two patients initially had unknown primary sites. Of these 357 patients, 67 (18.7%) were nonwhite. There was no statistically significant difference in the age (P =.10) or sex (P =.57) distribution of these 2 populations. Nonwhite patients at initial diagnosis had thicker tumors (P =.002), more frequently had ulcerated primary tumors (P<.001), more frequently had positive nodes (P =.004), and were at a more advanced stage (P =.002) than their white counterparts. The anatomic distribution between the 2 populations was significantly different (P<.001), with a high incidence of melanoma on the sole and subungual locations and a substantially less frequent occurrence on the head and neck, trunk, and extremities in the nonwhite population when compared with the white population. The overall survival rate of the nonwhite patients was significantly worse than that of the white patients, but when stratified by stage at initial diagnosis, there was no difference in outcome.","In a multiethnic population, cutaneous melanoma in nonwhite persons is unusual but not rare. Although the diagnoses are distinctly different at initial examinations, suggesting a potential biological component, stage-for-stage outcomes are similar between white and nonwhite persons and suggest a need for early diagnostic interventions with unusual pigmented lesions in nonwhite persons.",no,
418,Evaluation of pediatric VCUG at an academic children's hospital: is the radiographic scout image necessary?,"There is heterogeneity in how pediatric voiding cystourethrography (VCUG) is performed. Some institutions, including our own, obtain a radiographic scout image prior to contrast agent instillation. To demonstrate that the radiographic scout image does not augment VCUG interpretation or contribute management-changing information but nonetheless carries a non-negligible effective dose. We evaluated 181 children who underwent VCUG in 2012, with an age breakdown of less than 1 year (56 children), 1-5 years (66 children), 6-10 years (43 children) and 11-18 years (16 children), with a mean age of 4.0 years. We investigated patient demographics, clinical indication for the examination, scout image findings and estimated effective radiation dose, as well as overall exam findings and impression. No clinically significant or management-changing findings were present on scout images, and no radiopaque urinary tract calculi or concerning incidental finding was identified. Scout image estimated effective radiation dose averaged 0.09 mSv in children younger than 1 y, 0.09 mSv in children age 1-5, 0.13 mSv in children age 6-10 and 0.18 mSv in children age 11-18. Total fluoroscopy time per examination averaged 36.7 s (range 34.8-39.6 s for all age group averages). Evaluation of known or suspected vesicoureteral reflux (VUR) and urinary tract infection (UTI) were the most common clinical indications, stated in 40.9% and 37.0% of exams, respectively.","Although the estimated effective dose is low for VCUG radiographic scout images, this step did not augment VCUG interpretation or contribute management-changing information. This step should be omitted or substituted to further reduce dose in pediatric VCUG.",no,
426,Has the mammography quality standards act affected the mammography quality in North Carolina?,"The United States Food and Drug Administration implemented federal regulations governing mammography under the Mammography Quality Standards Act (MQSA) of 1992. During 1995, its first year in implementation, we examined the impact of the MQSA on the quality of mammography in North Carolina. All mammography facilities were inspected during 1993-1994, and again in 1995. Both inspections evaluated mean glandular radiation dose, phantom image evaluation, darkroom fog, and developer temperature. Two mammography health specialists employed by the North Carolina Division of Radiation Protection performed all inspections and collected and codified data. The percentage of facilities that met quality standards increased from the first inspection to the second inspection. Phantom scores passing rate was 31.6% versus 78.2%; darkroom fog passing rate was 74.3% versus 88.5%; and temperature difference passing rate was 62.4% versus 86.9%.","In 1995, the first year that the MQSA was in effect, there was a significant improvement in the quality of mammography in North Carolina. This improvement probably resulted from facilities' compliance with federal regulations.",no,
450,Does occupational nuclear power plant radiation affect conception and pregnancy?,"To determine the effect of occupational exposure in a nuclear power plant in Griefswald, Germany on male and female fecundity. The frequency of men and women exposed to ionizing radiation through work in a nuclear power plant among 270 infertile couples was retrospectively compared to a control fertile population using a pair-matched analysis. The total cumulative equivalent radiation dose was determined. In addition, the spermiograms of the male partners in both groups were compared and correlated to the degree of exposure. No differences were noted in the frequency of nuclear power plant exposure between sterile and fertile groups. There was a higher rate of anomalous spermiograms in nuclear power plant workers. However, abnormalities were temporary. No correlation was found between the cumulative equivalent radiation dose and abnormal spermiograms.",The data suggest that occupational exposure due to ionizing radiation should be investigated as a possible cause for involuntary temporary sterility and as a risk factor for early pregnancy disorders.,no,
466,An HIV1/2 point of care test on sputum for screening TB/HIV co-infection in Central India - Will it work?,"To determine whether the OraQuick® HIV-1/2 Assay (OraSure Technologies, Inc., Bethlehem, PA, USA) in sputum is a valid tool for HIV surveillance among TB patients. A cross sectional study was carried out on sputa of patients diagnosed with tuberculosis. Sputa were tested for antibodies to HIV using OraQuick® HIV-1/2 Assay (OraSure Technologies, Inc., Bethlehem, PA, USA). The results were compared with results of serum ELISA. Compared to serum ELISA, the OraQuick® HIV-1/2 Assay in sputum specimens reported 90% sensitivity (9/10) and 100% specificity (307/307), with a positive predictive value of 100% (95%CI: 66.37%-100.00%) and a negative predictive value of 99.68% (95%CI: 98.20%-99.99%).","This testing method may provide a useful strategy for conducting HIV surveillance in possible co-infected TB patients at peripheral centres. Since there is no investment on infrastructure, it may be possible for paramedical health professionals to carry out the test, particularly in areas with low HIV endemicity.",no,
467,Do inhaled corticosteroids affect perception of dyspnea during bronchoconstriction in asthma?,"Some of the disagreements on the perception of dyspnea (PD) during bronchoconstriction in asthma patients could depend on the interrelationships among the following: (1) the influence of baseline airflow obstruction on the patient's ability to detect any further increase in airway resistance; (2) the effect of eosinophilic inflammation on the airway; (3) bronchial hyperresponsiveness (BHR); and (4) the effect of inhaled corticosteroids (ICSs). We hypothesized that if the inflammation of the airway wall influences to some extent and in some way the PD in asthma patients, ICSs reverse the effect of airway inflammation on the PD. We studied 100 asthma patients who were divided into the following four groups: patients with obstruction who were either ICS-naive (group I) or were treated with ICSs (group II); and nonobstructed patients who were either ICS-naive (group III) or were treated with ICSs (group IV). PD on the visual analog scale (VAS) was assessed during a methacholine-induced FEV(1) decrease and specifically was quantified as the VAS slope and score at an FEV(1) decrease of 5 to 20%. BHR was assessed in terms of the provocative concentration of methacholine causing a 20% fall in FEV(1) (PC(20)). Eosinophil counts in induced sputum samples also were performed. Regression analysis, univariate analysis of variance, and factor analysis were applied for statistical evaluation. For a 5 to 20% fall in FEV(1) from the lowest point after saline solution induction, VAS score was lowest in group II, slightly higher in group I, slightly higher still in group IV, and the highest in group III. In the patients as a whole, BHR related to PD, but age, clinical score, duration of the disease, and presence of baseline airway obstruction did not. In patients with obstruction who were treated with ICSs, eosinophil counts related to PD negatively. Factor analysis yielded the following four factors that accounted for 70% of the variance in the data: ICS; eosinophil counts; FEV(1); and PC(20) loaded on separated factors with PD loading on the same factors as PC(20). The post hoc analysis carried out dividing the patients into ICS-treated and ICS-naive, showed that in the former group eosinophil counts and BHR proved to be factors negatively associated with PD, while in the latter group eosinophil counts were positively associated with PD.",We have shown that eosinophilic inflammation of the airway wall may increase PD and that the association of eosinophil counts with ICSs may result in lessening the PD.,yes,
476,Can routine offering of influenza vaccination in office-based settings reduce racial and ethnic disparities in adult influenza vaccination?,"Influenza vaccination remains below the federally targeted levels outlined in Healthy People 2020. Compared to non-Hispanic whites, racial and ethnic minorities are less likely to be vaccinated for influenza, despite being at increased risk for influenza-related complications and death. Also, vaccinated minorities are more likely to receive influenza vaccinations in office-based settings and less likely to use non-medical vaccination locations compared to non-Hispanic white vaccine users. To assess the number of ""missed opportunities"" for influenza vaccination in office-based settings by race and ethnicity and the magnitude of potential vaccine uptake and reductions in racial and ethnic disparities in influenza vaccination if these ""missed opportunities"" were eliminated. National cross-sectional Internet survey administered between March 4 and March 14, 2010 in the United States. Non-Hispanic black, Hispanic and non-Hispanic white adults living in the United States (N = 3,418). We collected data on influenza vaccination, frequency and timing of healthcare visits, and self-reported compliance with a potential provider recommendation for vaccination during the 2009-2010 influenza season. ""Missed opportunities"" for seasonal influenza vaccination in office-based settings were defined as the number of unvaccinated respondents who reported at least one healthcare visit in the Fall and Winter of 2009-2010 and indicated their willingness to get vaccinated if a healthcare provider strongly recommended it. ""Potential vaccine uptake"" was defined as the sum of actual vaccine uptake and ""missed opportunities."" The frequency of ""missed opportunities"" for influenza vaccination in office-based settings was significantly higher among racial and ethnic minorities than non-Hispanic whites. Eliminating these ""missed opportunities"" could have cut racial and ethnic disparities in influenza vaccination by roughly one half.",Improved office-based practices regarding influenza vaccination could significantly impact Healthy People 2020 goals by increasing influenza vaccine uptake and reducing corresponding racial and ethnic disparities.,yes,
483,Gender difference in survival of resected non-small cell lung cancer: histology-related phenomenon?,"It remains controversial whether there is a gender difference in survival of patients with resected non-small cell lung cancer. We retrospectively analyzed 2770 patients (1689 men and 1081 women) with non-small cell lung cancer who underwent pulmonary resection between 1995 and 2005 at the National Cancer Center Hospital, Tokyo. A gender difference in survival was studied in all patients, in those divided according to histology or pathologic stage, and in propensity-matched gender pairs. There were no differences in background, such as preoperative pulmonary function, operation procedures, or operative mortality. The proportions of adenocarcinoma and pathologic stage I in women were greater than those in men (93.6% vs 61.7% and 71.4% vs 58.6%, respectively) (P<.001). Overall 5-year survival of women was better than that of men (81% vs 70%, P<.001). In adenocarcinoma, the overall 5-year survival for women was better than that for men in pathologic stage I (95% vs 87%, P<.001) and in pathologic stage II or higher (58% vs 51%, P = .017). In non-adenocarcinoma, there was no significant gender difference in survival in pathologic stage I (P = .313) or pathologic stage II or higher (P = .770). The variables such as age, smoking status, histology, and pathologic stage were used for propensity score matching, and survival analysis of propensity score-matched gender pairs did not show a significant difference (P = .69).","Women had better survival than men; however, there was no survival advantage in propensity-matched gender pairs. A gender difference in survival was observed only in the adenocarcinoma subset, suggesting pathobiology in adenocarcinoma in women might be different from that of men.",no,
496,Is intrapartum vibroacoustic stimulation an effective predictor of fetal acidosis?,"The hypothesis of this prospective study is that intrapartum vibroacoustic stimulation (VAS) is an effective predictor of fetal acidosis during labor. Various clinical conditions, such as term versus preterm gestation, first stage versus second stage of labor, and fetal heart rate (FHR) variable decelerations versus late decelerations will be tested. During the study period, 113 patients were studied prospectively in either active phase of first stage (n = 53) or during the second stage of labor (n = 60). They were selected from cases exhibiting moderate to severe FHR variable decelerations or late decelerations. The fetuses of study subjects received a VAS for three seconds and FHR changes were recorded. Fetal scalp blood pH or umbilical arterial blood pH was obtained within 15 minutes of VAS. The relationship between FHR responses to VAS and fetal blood pH in term and preterm gestations, the relationship of two tests (VAS and fetal blood pH) to type of FHR decelerations, and the predictability of neonatal morbidity by two tests were analyzed. Where appropriate, Fisher's exact test (p<0.05 was considered statistically different) and the odd ratio with 95% confidence intervals were used for statistical analyses. Excellent association between acceleration response to VAS and pH>or = 7.20, and between a negative response to VAS (no acceleration or decelerations) and pH<7.20 were found in the first stage of labor, the second stage of labor, and the combination of both stages together (p = 0.0001, OR = 10.6 [3.3-34.0]). It was observed that negative VAS responses for predicting fetal acidosis (pH<7.20) were comparable between term (>or = 37 weeks) and preterm (<37 weeks,>or = 34 weeks) fetuses. Since the preterm fetuses enrolled in the study were limited in number, it is difficult to draw adequate conclusions. The positive predictive value (PPV) of fetal acidosis was 67% in both groups of FHR variable decelerations and late decelerations, but the false negative rate of acceleration VAS response for predicting no acidosis was significantly higher in the group of late decelerations (29% vs 8%, p = 0.034). Finally, both a negative VAS response and fetal acidosis (pH<7.20) have equal predictability for neonatal morbidity. The PPV of NICU admission by a negative VAS response was two times higher than that of fetal acidosis (PPV = 61% vs 29%, p = 0.038).","We found that intrapartum VAS was an effective predictor of fetal acidosis in cases of FHR variable decelerations, but its predictability for fetal acidosis in cases of FHR late decelerations was limited. Both VAS and fetal blood pH are good predictors of neonatal morbidity.",yes,
501,Does patella position influence ligament balancing in total knee arthroplasty?,"In vivo comparative gap measurements were performed in three different patella positions (reduced, subluxated and everted) using offset-type-force-controlled-spreader-system. Prospectively, 50 knees were operated by total knee arthroplasty using a navigation-assisted gap-balancing technique. The offset-type-force-controlled-spreader-system was used for gap measurements. This commercially available instrument allows controllable tension in patella-reduced position. The mediolateral gaps of knee extension (0°) and flexion (90°) angle were recorded in three different patella positions; reduced, subluxated and everted. Any gap differences of more than 3 mm were considered as a meaningful difference. Correlation between the difference with the demographic data, preoperative radiologic alignment and intraoperative data was analysed. For statistical analysis, ANOVA and Pearson's correlation test were used. The gaps in patella eversion demonstrated smaller gaps both in knee extension and flexion position compared to the gaps of patella reduction position. The amount of decreased gaps was more definite in knee flexion position. Statistically significant difference was observed for the lateral gap of patella eversion compared to gap of patella reduction in knee flexion position (p<0.05). There were notable cases of variability in knee flexion position. Significant portion of 12 (24 %) knees of patella subluxation and 33 (66 %) knees of patella evertion demonstrated either increased or decreased gaps in knee flexion position compared to the gaps of patella reduction position.","The gaps in patella eversion demonstrated smaller gaps both in knee extension and flexion position compared to the gaps of patella reduction position. The amount of decreased gaps was more definite in knee flexion position. Therefore, the intraoperative patellar positioning has influence on the measurement of the joint gap. Keeping the patella in reduced position is important during gap balancing.",yes,
507,Are sports medicine journals relevant and applicable to practitioners and athletes?,"To examine the evidence base of sports medicine research and assess how relevant and applicable it is to everyday practice. Original research articles, short reports, and case reports published in four major sport and exercise medicine journals were studied and classified according to the main topic of study and type of subjects used. The most common topic was sports science, and very few studies related to the treatment of injuries and medical conditions. The majority of published articles used healthy subjects sampled from the sedentary population, and few studies have been carried out on injured participants.",There is a dearth of studies addressing diagnostic and treatment interventions in the sports medicine literature. The evidence base for sports medicine must continue to increase in terms of volume and quality.,yes,
523,Spleen-preserving distal pancreatectomy with resection of the splenic vessels. Should one rely on the short gastric arteries?,"Knowing the collaterals is essential for a spleen-preserving distal pancreatectomy with resection of the splenic vessels. To ascertain the sources of the blood supply to the spleen after a spleen-preserving distal pancreatectomy with resection of the splenic vessels. Perfusion of the cadaveric left gastric and right gastroepiploic arteries with methylene blue after occlusion of all the arteries except the short gastric arteries (n=10). Intraoperative color Doppler ultrasound was used for the evaluation of the hilar arterial blood flow at distal pancreatectomy (n=23) after 1) clamping of the splenic artery alone, 2) clamping of the splenic and left gastroepiploic arteries and 3) clamping of the splenic and short gastric arteries. CT angiography of the gastric and splenic vessels before and after a spleen-preserving distal pancreatectomy (n=10). Perfusion of the cadaveric arteries revealed no effective direct or indirect (through the submucous gastric arterial network) communication between the left gastric and the branches of the short gastric arteries. In no case did intraoperative color Doppler ultrasound detect any hilar arterial blood flow after the clamping of the splenic and left gastroepiploic arteries. The clamping of the short gastric arteries did not change the flow parameters. In none of the cases did a post-spleen-preserving distal pancreatectomy with resection of the splenic vessels CT angiography delineate the short gastric vessels supplying the spleen. In all cases, the gastroepiploic arcade was the main arterial pathway feeding the spleen.","Experimental, intra- and postoperative instrumental investigations did not show the short gastric arteries to be engaged in the blood supply to the spleen after a spleen-preserving distal pancreatectomy with resection of the splenic vessels. In all cases, the left gastroepiploic artery was the main collateral vessel.",yes,
554,Are WHO/UNAIDS/UNICEF-recommended replacement milks for infants of HIV-infected mothers appropriate in the South African context?,"Little is known about the nutritional adequacy and feasibility of breastmilk replacement options recommended by WHO/UNAIDS/UNICEF. The study aim was to explore suitability of the 2001 feeding recommendations for infants of HIV-infected mothers for a rural region in KwaZulu Natal, South Africa specifically with respect to adequacy of micronutrients and essential fatty acids, cost, and preparation times of replacement milks. Nutritional adequacy, cost, and preparation time of home-prepared replacement milks containing powdered full cream milk (PM) and fresh full cream milk (FM) and different micronutrient supplements (2 g UNICEF micronutrient sachet, government supplement routinely available in district public health clinics, and best available liquid paediatric supplement found in local pharmacies) were compared. Costs of locally available ingredients for replacement milk were used to calculate monthly costs for infants aged one, three, and six months. Total monthly costs of ingredients of commercial and home-prepared replacement milks were compared with each other and the average monthly income of domestic or shop workers. Time needed to prepare one feed of replacement milk was simulated. When mixed with water, sugar, and each micronutrient supplement, PM and FM provided<50% of estimated required amounts for vitamins E and C, folic acid, iodine, and selenium and<75% for zinc and pantothenic acid. PM and FM made with UNICEF micronutrient sachets provided 30% adequate intake for niacin. FM prepared with any micronutrient supplement provided no more than 32% vitamin D. All PMs provided more than adequate amounts of vitamin D. Compared with the commercial formula, PM and FM provided 8-60% of vitamins A, E, and C, folic acid, manganese, zinc, and iodine. Preparations of PM and FM provided 11% minimum recommended linoleic acid and 67% minimum recommended alpha-linolenic acid per 450 ml mixture. It took 21-25 minutes to optimally prepare 120 ml of replacement feed from PM or commercial infant formula and 30-35 minutes for the fresh milk preparation. PM or FM cost approximately 20% of monthly income averaged over the first six months of life; commercial formula cost approximately 32%.","No home-prepared replacement milks in South Africa meet all estimated micronutrient and essential fatty acid requirements of infants aged<6 months. Commercial infant formula is the only replacement milk that meets all nutritional needs. Revisions of WHO/UNAIDS/UNICEF HIV and infant feeding course replacement milk options are needed. If replacement milks are to provide total nutrition, preparations should include vegetable oils, such as soybean oil, as a source of linoleic and alpha-linolenic acids, and additional vitamins and minerals.",no,
596,Can pictorial warning labels on cigarette packages address smoking-related health disparities?,"The objective of this study was to determine the most effective content of pictorial health warning labels (HWLs) and whether educational attainment moderates these effects. Field experiments were conducted with 529 adult smokers and 530 young adults (258 nonsmokers; 271 smokers). Participants reported responses to different pictorial HWLs printed on cigarette packages. One experiment involved manipulating textual form (testimonial narrative vs. didactic) and the other involved manipulating image type (diseased organs vs. human suffering). Tests of mean ratings and rankings indicated that pictorial HWLs with didactic textual forms had equivalent or significantly higher credibility, relevance, and impact than pictorial HWLs with testimonial forms. Results from mixed-effects models confirmed these results. However, responses differed by participant educational attainment: didactic forms were consistently rated higher than testimonials among participants with higher education, whereas the difference between didactic and testimonial narrative forms was weaker or not statistically significant among participants with lower education. In the second experiment, with textual content held constant, greater credibility, relevance, and impact was found for graphic imagery of diseased organs than imagery of human suffering.","Pictorial HWLs with didactic textual forms seem to work better than those with testimonial narratives. Future research should determine which pictorial HWL content has the greatest real-world impact among consumers from disadvantaged groups, including assessment of how HWL content should change to maintain its impact as tobacco control environments strengthen and consumer awareness of smoking-related risks increases.",yes,
614,Is pelvic pain associated with defecatory symptoms in women with pelvic organ prolapse?,"To investigate the significance of pelvic pain and its association with defecatory symptoms in women with pelvic organ prolapse (POP). This is a cross sectional study of 248 women with stage II POP or greater. Women were stratified into ""pain"" and ""no-pain"" groups based on their response to a question on the Pelvic Floor Distress Inventory short form. Associations between patient demographics, exam findings and responses to validated questionnaires were evaluated. In women with POP, defecatory symptoms are significantly more common in women with pelvic pain including straining with bowel movement (OR 2.4, 95% CI 1.3, 4.6), sense of incomplete emptying (OR 4.4, 95% CI 2.3, 8.2), pain with bowel movement (OR 5.3, 95% CI 1.2, 23.0) and splinting with bowel movement (OR 3.8, 95% CI 2.0, 7.5).","In women with POP, the symptom of pelvic pain is associated with the presence of defecatory symptoms.",yes,
615,Does ibuprofen increase perioperative blood loss during hip arthroplasty?,"To determine whether prior exposure of non-steroidal anti-inflammatory drugs increases perioperative blood loss associated with major orthopaedic surgery. Fifty patients scheduled for total hip replacement were allocated to two groups (double blind, randomized manner). All patients were pretreated for 2 weeks before surgery: Group 1 with placebo drug, Group 2 with ibuprofen. All patients were injected intrathecally with bupivacaine 20mg plus morphine 0.1 mg, in a total volume of 4 mL, to provide surgical anaesthesia. The presence of severe adverse effects caused eight patients in the ibuprofen group and six in the placebo group to terminate their participation in the trial. The perioperative blood loss increased by 45% in the ibuprofen group compared with placebo. The total (+/-SD) blood loss in the ibuprofen group was 1161 (+/-472) mL versus 796 (+/-337) mL in the placebo group.",Pretreatment with ibuprofen before elective total hip surgery increases the perioperative blood loss significantly. Early discontinuation of non-selective non-steroidal anti-inflammatory drugs is advised.,no,
622,Analysis of the epidemiological pattern of Shigellosis in Barcelona between 1988 and 2012: Is it an emerging sexually transmitted infection?,"The aim of this study was to describe the evolution and epidemiologic characteristics of shigellosis patients over a 25 year period in a large city. Shigellosis is a notifiable disease in Spain since 1988. Cases are analyzed in Barcelona residents included in the registry between 1988-2012. A descriptive analysis by sex, age, mode of transmission and Shigella species is presented. Trend analysis and time series were performed. Of the 559 cases analyzed, 60.15% were males. A sustained increase was observed in the trend since 2008 in males (p<0,05), especially at the expense of males who had no history of food poisoning or travel to endemic areas. The increasing tendency was greater in males from 21 to 60 years, both for S. flexneri (since 2009), and for S. sonnei (since 2004). In 2012 it was noted that in the men with S. flexneri, the 63% were men who have sex with men.","An increased trend was detected in men who had no history of food poisoning or travel to endemic areas. This increase points to a change in the pattern of shigellosis, becoming predominantly male and its main mechanism probably by sexual transmission.",yes,
630,Cerebromediastinal tuberculosis in a child with a probable Say-Barber-Miller syndrome: a causative link?,"Tuberculosis continues to be a public health problem in emerging countries with a recent evidence of increased incidence of extrapulmonary localization in developed countries probably linked to HIV. To our knowledge the occurrence of cerebro-mediastinal tuberculosis in an immuno-competent child has not been previously described; moreover the child we describe has a probable Say-Barber-Miller syndrome. We discuss a putative causative link between this syndrome and the occurrence of tuberculosis. A seven-year-old girl presented to our department with a history of infantile encephalopathy since birth characterized by a facial dysmorphy (evocative of a bird face), microcephaly, and mental retardation, and with recurrent infections. The child had complained of back pain for several months; the parents reported anorexia, loss of weight. Spinal and cerebral MRI showed a mediastinal mass involving the spine and cerebral lesions evocative of tuberculomas. The tuberculin interdermal reaction was positive. Culture of a vertebral biopsy was positive for Koch bacillus. Anti-tuberculosis treatment improved general and local status. An extensive immunological work-up was normal.","[corrected] This observation is exceptional in many aspects: very early age of onset of extrapulmonary tuberculosis, no immune deficit, association with a rare congenital neurological syndrome. We discuss the possible link between this entity and the occurrence of tuberculosis.",no,
682,Prostate-specific antigen and free prostate-specific antigen in the early detection of prostate cancer: do combination tests improve detection?,"The combined use of free and total prostate-specific antigen (PSA) in early detection of prostate cancer has been controversial. This article systematically evaluates the discriminating capacity of a large number of combination tests. Free and total PSA were analyzed in stored serum samples taken prior to diagnosis in 429 cases and 1,640 controls from the Physicians' Health Study. We used a classification algorithm called logic regression to search for clinically useful tests combining total and percent free PSA and receiver operating characteristic analysis and compared these tests with those based on total and complexed PSA. Data were divided into training and test subsets. For robustness, we considered 35 test-train splits of the original data and computed receiver operating characteristic curves for each test data set. The average area under the receiver operating characteristic curve across test data sets was 0.74 for total PSA and 0.76 for the combination tests. Combination tests with higher sensitivity and specificity than PSA>4.0 ng/mL were identified 29 out of 35 times. All these tests extended the PSA reflex range to below 4.0 ng/mL. Receiver operating characteristic curve analysis indicated that the overall diagnostic performance as expressed by the area under the curve did not differ significantly for the different tests.","Tests combining total and percent free PSA show modest overall improvements over total PSA. However, utilization of percent free PSA below a PSA threshold of 4 ng/mL could translate into a practically important reduction in unnecessary biopsies without sacrificing cancers detected.",yes,
720,"Expression of c-kit protooncogen in hepatitis B virus-induced chronic hepatitis, cirrhosis and hepatocellular carcinoma: has it a diagnostic role?","Paraffin-embedded tissues in Cukurova University Faculty of Medicine Department of Pathology between January 2002 and February 2006 were searched restrospectively to investigate this issue. We performed immunohistochemistry on biopsies of 125 patients with HBV infection, grouped as: mild, moderate and severe hepatitis, cirrhosis and HCC, 25 patients in each of them, using anti c-kit monoclonal antibody. The severity of parenchymal inflammation and of interface hepatitis was semiquantitatively graded on a haematoxylin and eosin stained paraffin sections. Additionally, 50 more HCC, formed on HBV basis, were studied to determine the prevalence of c-kit overexpression. In cirrhotic liver, lower intensity of staining and rarely c-kit positivity were present. The greatest number of the c-kit positivity and higher intensity of staining was found in the livers of patients with severe hepatitis and HCC. In chronic hepatitis B infection, the staining intensity was parallel with the grade and stage of the disease. In the areas where fibrosis was seen, c-kit positivity was rare or absent. In the HCC specimens, c-kit positivity appeared both inside and around the cancerous nodes. C-kit expression was observed in 62 of 75 HCC tissue specimens (82%) (p<0.001).","C-kit positivity was observed in the mitotic, proliferating and also dysplastic hepatic cells. These results suggest that c-kit expression may be used as an early diagnostic indicator for HBV induced HCC.",no,
732,Bony defects in chronic anterior posttraumatic dislocation of the shoulder: Is there a correlation between humeral and glenoidal lesions?,"The prevalence of combined humeral and glenoid defects varies between 79 and 84 % in case of chronic posttraumatic anterior shoulder instability. The main goal of this study was to evaluate the relationship between humeral and glenoid defects based on quantitative radiological criteria. A retrospective study was performed between 2000 and 2011 including patients who underwent primary surgical shoulder stabilization for chronic posttraumatic anterior shoulder instability, with bone defects in both the glenoid and humerus and a healthy contralateral shoulder. The following measurements were taken: D/R ratio (Hill-Sachs lesion depth/humeral head radius) on an AP X-ray in internal rotation and the D1/D2 ratio [diameter of the involved glenoid articular surfaces (D1)/the healthy one (D2)] on a comparative Bernageau glenoid profile view. Measurements were taken by two observers. Correlations were determined by the Spearman correlation coefficients (r), Bland and Altman diagrams, and intra-class correlation coefficients (ICC). A sample size calculation was done. Thirty patients were included, 25 men/5 women, mean age 29.8 ± 11.2 years. The mean D/R was 23 ± 12 % for observer 1 and 23 ± 10 % for observer 2. The mean D1/D2 was 95 ± 4 % for observer 1 and 94 ± 6 % for observer 2. No significant correlation was found between humeral and glenoid bone defects by observer 1 (r = 0.23, p = 0.22) or observer 2 (r = 0.05, p = 0.78). Agreement of the observers for the D/R ratio was excellent (ICC = 0.89 ± 0.04, p < 0.00001) and good for the D1/D2 ratio (ICC = 0.54 ± 0.14, p = 0.006).",Humeral and glenoid bone defects were not correlated. Inter-observer reliability was excellent for the D/R ratio and good for the D1/D2 ratio.,yes,
741,Can CT predict the level of CSF block in tuberculous hydrocephalus?,"Treatment of obstructive hydrocephalus in children with tuberculous meningitis (TBM) depends on the level of the cerebrospinal fluid (CSF) block. Air-encephalography is regarded as the gold standard for differentiating communicating and non-communicating hydrocephalus. Since air-encephalography involves a lumbar puncture, it carries the risk of cerebral herniation. AIM. The aim of this study was to determine whether communicating and non-communicating hydrocephalus in TBM can be differentiated by means of cranial computerised tomography (CT). A number of CT indices were measured in 50 children with communicating and 34 children with non-communicating hydrocephalus according to air-encephalographic findings. The only CT finding that correlated with the type of hydrocephalus was the shape of the third ventricle. Significantly more children with non-communicating hydrocephalus had a rounded third ventricle than those with communicating hydrocephalus.",CT is therefore not useful in determining the level of CSF block in TBM. Air-encephalography remains the most reliable way of determining the level of CSF obstruction.,yes,
750,Orthostatic myoclonus: an underrecognized cause of unsteadiness?,"Recently, orthostatic myoclonus (OM) has been suggested as a cause of gait impairment and unsteadiness in neurodegenerative diseases. The aim of this study was to investigate the frequency of orthostatic myoclonus, its clinical characteristics and the underlying associated neurological disorders. A retrospective analysis of clinical data and electromyogram surface recordings from subjects with unexplained unsteadiness/gait impairment was performed. Diagnosis of OM was made when a pattern of non-rhythmic bursts was observed (duration range 20-100 ms; bursts per second ≤16). Among 93 subjects studied, OM was the most frequent disorder (n = 16; 17.2%), followed by orthostatic tremor (13.9%) and low frequency tremors during orthostatism (12.9%). All patients with OM complained about unsteadiness during orthostatism and/or during gait. Leg jerking was only observed by visual inspection during orthostatism in four subjects and two also presented falls. Eleven out of 16 patients (68.7%) with OM had an associated neurodegenerative disease, such as multiple system atrophy (n = 3) Parkinson's disease (n = 2), Alzheimer's disease (n = 2), mild cognitive impairment (n = 2) and normal pressure hydrocephalus (n = 2). Although four subjects showed improvement of orthostatic myoclonus with antimyoclonic treatment, the follow-up was not systematic enough to evaluate their therapeutic effect on OM.",Orthostatic myoclonus is often underdiagnosed and can be considered a possible cause of unsteadiness in subjects with neurodegenerative diseases. Electromyography surface recording is thereby an aid for investigating unsteadiness of unknown origin.,yes,
760,Is Bare-Metal Stent Implantation Still Justifiable in High Bleeding Risk Patients Undergoing Percutaneous Coronary Intervention?,"This study sought to investigate the ischemic and bleeding outcomes of patients fulfilling high bleeding risk (HBR) criteria who were randomized to zotarolimus-eluting Endeavor Sprint stent (E-ZES) or bare-metal stent (BMS) implantation followed by an abbreviated dual antiplatelet therapy (DAPT) duration for stable or unstable coronary artery disease. DES instead of BMS use remains controversial in HBR patients, in whom long-term DAPT poses safety concerns. The ZEUS (Zotarolimus-Eluting Endeavor Sprint Stent in Uncertain DES Candidates) is a multinational, randomized single-blinded trial that randomized among others, in a stratified manner, 828 patients fulfilling pre-defined clinical or biochemical HBR criteria-including advanced age, indication to oral anticoagulants or other pro-hemorrhagic medications, history of bleeding and known anemia-to receive E-ZES or BMS followed by a protocol-mandated 30-day DAPT regimen. The primary endpoint of the study was the 12-month major adverse cardiovascular event rate, consisting of death, myocardial infarction, or target vessel revascularization. Compared with patients without, those with 1 or more HBR criteria had worse outcomes, owing to higher ischemic and bleeding risks. Among HBR patients, major adverse cardiovascular events occurred in 22.6% of the E-ZES and 29% of the BMS patients (hazard ratio: 0.75; 95% confidence interval: 0.57 to 0.98; p = 0.033), driven by lower myocardial infarction (3.5% vs. 10.4%; p<0.001) and target vessel revascularization (5.9% vs. 11.4%; p = 0.005) rates in the E-ZES arm. The composite of definite or probable stent thrombosis was significantly reduced in E-ZES recipients, whereas bleeding events did not differ between stent groups.","Among HBR patients with stable or unstable coronary artery disease, E-ZES implantation provides superior efficacy and safety as compared with conventional BMS. (Zotarolimus-Eluting Endeavor Sprint Stent in Uncertain DES Candidates [ZEUS]; NCT01385319).",yes,
770,Can myometrial electrical activity identify patients in preterm labor?,"The objective of the study was to determine whether myometrial electrical activity can differentiate false from true preterm labor. Electrical uterine myography (EUM) was measured prospectively on 87 women, gestational age less than 35 weeks. The period between contractions, power of contraction peaks and movement of center of electrical activity (RMS), was used to develop an index score (1-5) for prediction of preterm delivery (PTD) within 14 days of the test. The score was compared with fetal fibronectin (fFN) and cervical length (CL). Patients delivering within 14 days from testing showed a higher index and mean RMS (P = .000). No patients with EUM index scores of 1-2 delivered in this time frame. Combining EUM with CL or fFN increased predictability. Logistic regression revealed that history of PTD and EUM index had 4- to 5-fold increased risk for PTD. Gestational age at testing, body mass index, fFN, and CL were nonsignificant contributors to PTD risk.",Measuring myometrial electrical activity may enhance identification of patients in true premature labor.,yes,
772,Is ankle/arm pressure predictive for cardiovascular mortality in older patients living in nursing homes?,"longitudinal descriptive study. 2 large nursing homes in Turin, Italy. 418 dependent elderly (83 males, 335 females, mean age 83.7+/-8.5 y, range 55-102) living in the nursing homes. the prevalence of peripheral arterial disease (PAD) was evaluated using a Doppler Ultrasound measurement of AAI (Ankle/Arm blood pressure Index). Death causes according to ICD-9-CM were ascertained on patient's clinical records. Diagnosis of PAD was made in 122 subjects (29.2%) with AAI<0.90. After a 3 year follow-up 203 patients (48.6%) died. The presence of PAD was not related to total mortality or to mortality for ischemic heart disease (IHD), cerebrovascular disease or other causes. IHD mortality was significantly and independently related to low haemoglobin values, previous cerebrovascular disease, polypharmacy and poor mobility conditions.","The prevalence of PAD is high in nursing home residents. AAI is not predictive for IHD mortality in this population. In very frail elderly traditional risk factors and PAD are less important predictors of death compared to poor functional status, nutritional factors and previous cardiovascular disease.",yes,
776,Does open access endoscopy close the door to an adequately informed patient?,"The use of open access endoscopy is increasing. Its effect on the adequacy of patient informed consent, procedure acceptance and the impact on subsequent communication/transfer of procedure results to the patient have not been evaluated. The aim of our study was to compare the extent of preknowledge of procedures and test explanation, patient medical complexity, information transfer and overall patient satisfaction between a patient group referred for outpatient open access endoscopy versus a patient group from a gastrointestinal (GI) subspecialty clinic. Information was obtained from all patients presenting for outpatient upper and lower endoscopy by using a 1-page questionnaire. Patients from the two groups who had an outpatient upper/lower endoscopic procedure were contacted by phone after the procedure to obtain information with a standardized questionnaire. The open access patients reported receiving significantly less information to help them identify the procedure (p<0.01) and less explanation concerning the nature of the procedure than the group of patients referred from the subspecialty clinic (p<0.005). There was no difference between the two groups in satisfaction scores for examinations performed under conscious sedation. For flexible sigmoidoscopy without sedation, however, the GI clinic patient group were more satisfied with their procedure. The majority of patients, regardless of access, were more likely to receive endoscopic results from a gastroenterologist than the referring physician. Furthermore, the patients in the GI clinic group who underwent colonoscopy felt significantly better at follow-up.","Patients undergoing open access procedures are less likely to be properly informed about their endoscopic procedure. Our results indicate that with open access endoscopy, a defined mechanism needs to be in place for communication of endoscopic results to the patient.",yes,
789,Does confined placental mosaicism account for adverse perinatal outcomes in IVF pregnancies?,"IVF singletons have poorer perinatal outcomes than singletons from spontaneous conceptions. This may be due to the influence of ovarian stimulation on the chromosomal constitution of the embryos which could be translated into localized chromosomal anomalies in the placenta. The aim of this study was to compare the incidence of confined placental mosaicism (CPM) in IVF/ICSI pregnancies and spontaneous conceptions. We conducted a multi-centre retrospective analysis of karyotype results obtained by chorionic villus sampling (CVS), performed due to advanced maternal age (>or=36 years at 18 weeks of gestation), in the Netherlands between 1995 and 2005. From a total of 322 246 pregnancies, 20 885 CVS results were analysed: 235 in the IVF/ICSI group and 20 650 in the control group. The mean age of women in both groups was 38.4 years (mean difference -0.08, 95% CI -0.35 to 0.18). Data relating to the fetal karyotype were missing in 143 cases in the control group. When taking into account missing data, the incidence of CPM was lower in the IVF-ICSI group than in the control group, 1.3% versus 2.2% (odds ratio 0.59, 95% CI 0.19-1.85), whereas the incidence of fetal chromosomal anomalies was increased 4.3% versus 2.4% (odds ratio 1.81, 95% CI 0.95-3.42). Neither differences were statistically significant.",The incidence of CPM is not increased in IVF/ICSI pregnancies compared with spontaneous conceptions. CPM probably does not account for the adverse perinatal outcomes following IVF/ICSI.,no,
790,Utility of unenhanced fat-suppressed T1-weighted MRI in children with sickle cell disease -- can it differentiate bone infarcts from acute osteomyelitis?,"Children with sickle cell disease (SCD) are at risk of bone infarcts and acute osteomyelitis. The clinical differentiation between a bone infarct and acute osteomyelitis is a diagnostic challenge. Unenhanced T1-W fat-saturated MR images have been proposed as a potential tool to differentiate bone infarcts from osteomyelitis. To evaluate the reliability of unenhanced T1-W fat-saturated MRI for differentiation between bone infarcts and acute osteomyelitis in children with SCD. We retrospectively reviewed the records of 31 children (20 boys, 11 girls; mean age 10.6 years, range 1.1-17.9 years) with SCD and acute bone pain who underwent MR imaging including unenhanced T1-W fat-saturated images from 2005 to 2010. Complete clinical charts were reviewed by a pediatric hematologist with training in infectious diseases to determine a clinical standard to define the presence or absence of osteomyelitis. A pediatric radiologist reviewed all MR imaging and was blinded to clinical information. Based on the signal intensity in T1-W fat-saturated images, the children were further classified as positive for osteomyelitis (low bone marrow signal intensity) or positive for bone infarct (high bone marrow signal intensity). Based on the clinical standard, 5 children were classified as positive for osteomyelitis and 26 children as positive for bone infarct (negative for osteomyelitis). The bone marrow signal intensity on T1-W fat-saturated imaging was not significant for the differentiation between bone infarct and osteomyelitis (P = 0.56). None of the additional evaluated imaging parameters on unenhanced MRI proved reliable in differentiating these diagnoses.",The bone marrow signal intensity on unenhanced T1-W fat-saturated MR images is not a reliable criterion to differentiate bone infarcts from osteomyelitis in children.,yes,
797,MiraLAX vs. Golytely: is there a significant difference in the adenoma detection rate?,"In recent clinical trials (RCT) of bowel preparation, Golytely was more efficacious than MiraLAX. We hypothesised that there is a difference in adenoma detection between Golytely and MiraLAX. To compare the adenoma detection rate (ADR) between these bowel preparations, and to identify independent predictors of bowel preparation quality and adenoma detection. This was a post hoc analysis of an RCT that assessed efficacy and patient tolerability of Golytely vs. MiraLAX/Gatorade in average risk screening colonoscopy patients. Bowel preparation quality was measured with the Boston Bowel Preparation Scale (BBPS). An excellent/good equivalent BBPS score was defined as ≥ 7. Polyp pathology review was performed. ADR was defined as the proportion of colonoscopies with an adenoma. Univariate and multivariate analyses were conducted. One hundred and ninety patients were prospectively enrolled (87 MiraLAX, 103 Golytely). Golytely had a higher rate of a BBPS score ≥ 7 (82.5% vs. MiraLAX 67.8%, P=0.02). The ADR in the Golytely cohort was 26.2% (27/103), and was 16.1% (14/87) for MiraLAX (P = 0.091). On multivariate analyses, Golytely was 2.13 × more likely to be associated with a BBPS ≥ 7 (95% CI 1.05-4.32, P = 0.04) and 2.28 × more likely to be associated with adenoma detection (95% CI 1.05-4.98, P = 0.04) than MiraLAX.","Golytely was more efficacious than MiraLAX in bowel cleansing, and was independently associated with both bowel prep quality (BBPS ≥ 7) and higher adenoma detection. Golytely should be used as first line for bowel prep for colonoscopy. Studies with larger populations are needed to confirm these results.",no,
809,Does quilting suture prevent seroma in abdominoplasty?,Seroma is the most frequent complication in abdominoplasty. Some patients are more prone to develop this complication. Ultrasound is a well-known method with which to diagnose seroma in the abdominal wall. The purpose of this study was to verify the efficacy of the use of quilting suture to prevent seroma. Twenty-one female patients who presented with abdominal deformity type III/A according to the authors' classification of abdominal skin and myoaponeurotic deformity had undergone abdominoplasty. The selected patients should have had at least one of the following characteristics: body mass index greater than 25 kg/m; weight loss greater than 10 kg; previous incision in the supraumbilical region; or present thinning of the subcutaneous in the area above the umbilicus. Ultrasound was performed for every patient from 15 to 18 days after the operation to search for fluid collection in the abdominal wall. The average fluid collection found was 8.2 cc per patient. Only two patients underwent aspiration because ultrasound showed greater than 20 cc collected above the fascial layer. These patients did not present with recurrence of seroma after aspiration.,The quilting suture seems to be an efficient technique with which to prevent seroma formation.,yes,
895,Is there awareness of pharmaceutical expenditure in the reformed primary care system?,"To evaluate the effectiveness of feeding information on pharmacy back to primary care doctors in order to create awareness (knowledge) of pharmaceutical expenditure (PE). Retrospective cross-sectional study, through personal interview. Reformed PC, Sabadell, Barcelona. The 80 PC doctors working with primary care teams. As the personal feed-back on PE, each doctor was asked for the PE generated during 1997 and the mean cost of prescriptions to active and pensioner patients. The statistical test used was the t test to compare means for paired data, with p<0.05 the required level of significance. Out of the total doctors interviewed (80), 71 replies were obtained for the annual PE and 76 for the mean cost of prescriptions, for both active and pensioner patients. Significant differences were found between the annual PE in reality and doctors' estimates: around twelve million pesetas. The differences between the real mean costs of prescription and the estimates were also significant.","In view of the results, it is concluded that there is no awareness of PE among the doctors in the reformed PC in our area. This poses a question over the efficacy of feed-back of pharmacy information in order to create this awareness. This information needs to be more frequent and richer in content, and to be complemented by other measures.",no,
922,Rectal cancer threatening or affecting the prostatic plane: is partial prostatectomy oncologically adequate?,"A multicentre, retrospective study was conducted of patients with rectal cancer threatening or affecting the prostatic plane, but not the bladder, judged by magnetic resonance imaging (MRI). The use of preoperative chemoradiotherapy and the type of urologic resection were correlated with the status of the pathological circumferential resection margin (CRM) and local recurrence. A consecutive series of 126 men with rectal cancer threatening (44) or affecting (82) the prostatic plane on preoperative staging and operated with local curative intent between 1998 and 2010 was analysed. In patients who did not have chemoradiotherapy but had a preoperative threatened anterior margin the CRM-positive rate was 25.0%. In patients who did not have preoperative chemoradiotherapy but did have an affected margin, the CRM-positive rate was 41.7%. When preoperative radiotherapy was given, the respective CRM infiltration rates were 7.1 and 20.7%. In patients having preoperative chemoradiotherapy followed by prostatic resection the rate of CRM positivity was 2.4%. Partial prostatectomy after preoperative chemoradiotherapy resulted in a free anterior CRM in all cases, but intra-operative urethral damage occurred in 36.4% of patients who underwent partial prostatectomy, resulting in a postoperative urinary fistula in 18.2% of patients.","Preoperative chemoradiation is mandatory in male patients with a threatened or affected anterior circumferential margin on preoperative MRI. In patients with preoperative prostatic infiltration, prostatic resection is necessary. In this group of patients partial prostatectomy seems to be oncologically safe.",yes,
924,Are intraoperative precursor events associated with postoperative major adverse events?,"Precursor events are undesirable events that can lead to a subsequent adverse event and have been associated with postoperative mortality. The purpose of the present study was to determine whether precursor events are associated with a composite endpoint of major adverse cardiac events (MACE) (death, acute renal failure, stroke, infection) in a low- to medium-risk coronary artery bypass grafting, valve, and valve plus coronary artery bypass grafting population. These events might be targets for strategies aimed at quality improvement. The present study was a retrospective cohort design performed at the Queen Elizabeth Health Science Centre. Low- to medium-risk patients who had experienced postoperative MACE were matched 1:1 with patients who had not experienced postoperative MACE. The operative notes, for both groups, were scored by 5 surgeons to determine the frequency of 4 precursor events: bleeding, difficulty weaning from cardiopulmonary bypass, repair or regrafting, and incomplete revascularization or repair. A univariate comparison of ≥1 precursor events in the matched groups was performed. A total of 311 MACE patients (98.4%) were matched. The primary outcome occurred more frequently in the MACE group than in the non-MACE group (33% vs 24%; P = .015). The incidence of the individual events of bleeding and difficulty weaning from cardiopulmonary bypass was significantly higher in the MACE group. Those patients with a precursor event in the absence of MACE also appeared to have a greater prevalence of other important postoperative outcomes.",Patients undergoing cardiac surgery who are exposed to intraoperative precursor events were more likely to experience a postoperative MACE. Quality improvement techniques aimed at mitigating the consequences of precursor events might improve the surgical outcomes for cardiac surgical patients.,yes,
940,Fatigue in primary Sjögren's syndrome: is there a link with the fibromyalgia syndrome?,"To determine whether fibromyalgia (FM) is more common in patients with primary Sjögren's syndrome (pSS) who complain of fatigue. The association and prevalence of fatigue and FM was recorded in a group of patients with pSS and a control group of lupus patients, a subset of whom had secondary Sjögren's syndrome (sSS). 74 patients with pSS and 216 patients with lupus were assessed with a questionnaire to identify the presence of fatigue and generalised pain. From the lupus group, in a subset of 117 lupus patients (from the Bloomsbury unit) those with sSS were identified. All patients were studied for the presence of FM. 50 of 74 patients with pSS (68%) reported fatigue-a prevalence significantly higher than in the lupus group (108/216 (50%); p<0.0087). Fatigue was present in 7/13 (54%) patients with SLE/sSS. FM was present in 9/74 patients with pSS (12%), compared with 11/216 lupus patients (5%), and in none of the patients with SLE/sSS. None of these values corresponds with previously reported figures of the incidence of FM in pSS.",The results show that fatigue in patients with pSS and sSS is not due to the coexistence of FM in most cases. A lower incidence in the United Kingdom of FM in patients with pSS was found than has been previously reported.,yes,
