pair_id,annotator_1,annotator_2,final_label,resolution_notes
e2-q066,Supported,Supported,Supported,Context supports the answer or properly identifies missing info.
e2-q187,Supported,Supported,Supported,Context supports the answer or properly identifies missing info.
e2-q101,Supported,Supported,Supported,Context supports the answer or properly identifies missing info.
e2-q193,Supported,Supported,Supported,Context supports the answer or properly identifies missing info.
e2-q111,Supported,Supported,Supported,Context supports the answer or properly identifies missing info.
e2-q121,Supported,Supported,Supported,Context supports the answer or properly identifies missing info.
e2-q013,Supported,Supported,Supported,Context supports the answer or properly identifies missing info.
e2-q002,Supported,Supported,Supported,Context supports the answer or properly identifies missing info.
e2-q064,Supported,Supported,Supported,Context supports the answer or properly identifies missing info.
e2-q044,Supported,Supported,Supported,Context supports the answer or properly identifies missing info.
e2-q136,Supported,Supported,Supported,Context supports the answer or properly identifies missing info.
e2-q170,Supported,Supported,Supported,Context supports the answer or properly identifies missing info.
e2-q128,Supported,Supported,Supported,Context supports the answer or properly identifies missing info.
e2-q076,Supported,Supported,Supported,Context supports the answer or properly identifies missing info.
e2-q158,Supported,Supported,Supported,Context supports the answer or properly identifies missing info.
e2-q167,Supported,Supported,Supported,Context supports the answer or properly identifies missing info.
e2-q045,Supported,Supported,Supported,Context supports the answer or properly identifies missing info.
e2-q130,Supported,Supported,Supported,Context supports the answer or properly identifies missing info.
e2-q030,Supported,Supported,Supported,Context supports the answer or properly identifies missing info.
e2-q003,Supported,Supported,Supported,Context supports the answer or properly identifies missing info.
e2-q159,Supported,Supported,Supported,Context supports the answer or properly identifies missing info.
e2-q015,Supported,Supported,Supported,Context supports the answer or properly identifies missing info.
e2-q042,Supported,Supported,Supported,Context supports the answer or properly identifies missing info.
e2-q126,Supported,Supported,Supported,Context supports the answer or properly identifies missing info.
e2-q186,Supported,Supported,Supported,Context supports the answer or properly identifies missing info.
e2-q162,Supported,Supported,Supported,Context supports the answer or properly identifies missing info.
e2-q047,Supported,Supported,Supported,Context supports the answer or properly identifies missing info.
e2-q110,Supported,Supported,Supported,Context supports the answer or properly identifies missing info.
e2-q005,Supported,Supported,Supported,Context supports the answer or properly identifies missing info.
e2-q194,Supported,Supported,Supported,Context supports the answer or properly identifies missing info.
e2-q037,Supported,Supported,Supported,Context supports the answer or properly identifies missing info.
e2-q122,Supported,Supported,Supported,Context supports the answer or properly identifies missing info.
e2-q012,Supported,Supported,Supported,Context supports the answer or properly identifies missing info.
e2-q036,Supported,Supported,Supported,Context supports the answer or properly identifies missing info.
e2-q153,Supported,Supported,Supported,Context supports the answer or properly identifies missing info.
e2-q069,Supported,Supported,Supported,Context supports the answer or properly identifies missing info.
e2-q061,Supported,Supported,Supported,Context supports the answer or properly identifies missing info.
e2-q195,Supported,Supported,Supported,Context supports the answer or properly identifies missing info.
e2-q032,Supported,Supported,Supported,Context supports the answer or properly identifies missing info.
e2-q172,Supported,Supported,Supported,Context supports the answer or properly identifies missing info.
e2-q171,Supported,Supported,Supported,Context supports the answer or properly identifies missing info.
e2-q060,Supported,Supported,Supported,Context supports the answer or properly identifies missing info.
e2-q010,Hallucinated,Hallucinated,Hallucinated,Potential hallucination: answer details not found in context.
e2-q144,Supported,Supported,Supported,Context supports the answer or properly identifies missing info.
e2-q160,Supported,Supported,Supported,Context supports the answer or properly identifies missing info.
e2-q052,Supported,Supported,Supported,Context supports the answer or properly identifies missing info.
e2-q125,Supported,Supported,Supported,Context supports the answer or properly identifies missing info.
e2-q106,Supported,Supported,Supported,Context supports the answer or properly identifies missing info.
e2-q073,Supported,Supported,Supported,Context supports the answer or properly identifies missing info.
e2-q113,Hallucinated,Hallucinated,Hallucinated,Potential hallucination: answer details not found in context.
e2-q105,Supported,Supported,Supported,Context supports the answer or properly identifies missing info.
e2-q095,Supported,Supported,Supported,Context supports the answer or properly identifies missing info.
e2-q103,Supported,Supported,Supported,Context supports the answer or properly identifies missing info.
e2-q145,Supported,Supported,Supported,Context supports the answer or properly identifies missing info.
e2-q043,Supported,Supported,Supported,Context supports the answer or properly identifies missing info.
e2-q000,Supported,Supported,Supported,Context supports the answer or properly identifies missing info.
e2-q161,Supported,Supported,Supported,Context supports the answer or properly identifies missing info.
e2-q192,Supported,Supported,Supported,Context supports the answer or properly identifies missing info.
e2-q016,Supported,Supported,Supported,Context supports the answer or properly identifies missing info.
e2-q080,Supported,Supported,Supported,Context supports the answer or properly identifies missing info.
e2-q102,Supported,Supported,Supported,Context supports the answer or properly identifies missing info.
e2-q038,Supported,Supported,Supported,Context supports the answer or properly identifies missing info.
e2-q156,Supported,Supported,Supported,Context supports the answer or properly identifies missing info.
e2-q176,Supported,Supported,Supported,Context supports the answer or properly identifies missing info.
e2-q135,Supported,Supported,Supported,Context supports the answer or properly identifies missing info.
e2-q078,Supported,Supported,Supported,Context supports the answer or properly identifies missing info.
e2-q115,Supported,Supported,Supported,Context supports the answer or properly identifies missing info.
e2-q019,Supported,Supported,Supported,Context supports the answer or properly identifies missing info.
e2-q014,Supported,Supported,Supported,Context supports the answer or properly identifies missing info.
e2-q177,Supported,Supported,Supported,Context supports the answer or properly identifies missing info.
e2-q146,Supported,Supported,Supported,Context supports the answer or properly identifies missing info.
e2-q179,Supported,Supported,Supported,Context supports the answer or properly identifies missing info.
e2-q065,Hallucinated,Hallucinated,Hallucinated,Potential hallucination: answer details not found in context.
e2-q084,Supported,Supported,Supported,Context supports the answer or properly identifies missing info.
e2-q165,Supported,Supported,Supported,Context supports the answer or properly identifies missing info.
e2-q046,Supported,Supported,Supported,Context supports the answer or properly identifies missing info.
e2-q104,Supported,Supported,Supported,Context supports the answer or properly identifies missing info.
e2-q079,Supported,Supported,Supported,Context supports the answer or properly identifies missing info.
e2-q054,Supported,Supported,Supported,Context supports the answer or properly identifies missing info.
e2-q196,Supported,Supported,Supported,Context supports the answer or properly identifies missing info.
e2-q085,Hallucinated,Hallucinated,Hallucinated,Potential hallucination: answer details not found in context.
e2-q118,Supported,Supported,Supported,Context supports the answer or properly identifies missing info.
e2-q109,Supported,Supported,Supported,Context supports the answer or properly identifies missing info.
e2-q133,Supported,Supported,Supported,Context supports the answer or properly identifies missing info.
e2-q142,Supported,Supported,Supported,Context supports the answer or properly identifies missing info.
e2-q033,Supported,Supported,Supported,Context supports the answer or properly identifies missing info.
e2-q018,Supported,Supported,Supported,Context supports the answer or properly identifies missing info.
e2-q140,Supported,Supported,Supported,Context supports the answer or properly identifies missing info.
e2-q123,Supported,Supported,Supported,Context supports the answer or properly identifies missing info.
e2-q175,Supported,Supported,Supported,Context supports the answer or properly identifies missing info.
e2-q063,Supported,Supported,Supported,Context supports the answer or properly identifies missing info.
e2-q083,Supported,Supported,Supported,Context supports the answer or properly identifies missing info.
e2-q148,Supported,Supported,Supported,Context supports the answer or properly identifies missing info.
e2-q100,Supported,Supported,Supported,Context supports the answer or properly identifies missing info.
e2-q155,Supported,Supported,Supported,Context supports the answer or properly identifies missing info.
e2-q072,Supported,Supported,Supported,Context supports the answer or properly identifies missing info.
e2-q027,Supported,Supported,Supported,Context supports the answer or properly identifies missing info.
e2-q184,Supported,Supported,Supported,Context supports the answer or properly identifies missing info.
e2-q112,Supported,Supported,Supported,Context supports the answer or properly identifies missing info.
e2-q051,Supported,Supported,Supported,Context supports the answer or properly identifies missing info.
e2-q174,Supported,Supported,Supported,Context supports the answer or properly identifies missing info.
e2-q004,Supported,Supported,Supported,Context supports the answer or properly identifies missing info.
e2-q029,Supported,Supported,Supported,Context supports the answer or properly identifies missing info.
e2-q183,Hallucinated,Hallucinated,Hallucinated,Potential hallucination: answer details not found in context.
e2-q099,Supported,Supported,Supported,Context supports the answer or properly identifies missing info.
e2-q098,Supported,Supported,Supported,Context supports the answer or properly identifies missing info.
e2-q131,Supported,Supported,Supported,Context supports the answer or properly identifies missing info.
e2-q124,Supported,Supported,Supported,Context supports the answer or properly identifies missing info.
e2-q198,Hallucinated,Hallucinated,Hallucinated,Potential hallucination: answer details not found in context.
e2-q134,Supported,Supported,Supported,Context supports the answer or properly identifies missing info.
e2-q178,Supported,Supported,Supported,Context supports the answer or properly identifies missing info.
e2-q120,Supported,Supported,Supported,Context supports the answer or properly identifies missing info.
e2-q034,Hallucinated,Hallucinated,Hallucinated,Potential hallucination: answer details not found in context.
e2-q048,Supported,Supported,Supported,Context supports the answer or properly identifies missing info.
e2-q169,Supported,Supported,Supported,Context supports the answer or properly identifies missing info.
e2-q138,Supported,Supported,Supported,Context supports the answer or properly identifies missing info.
e2-q149,Supported,Supported,Supported,Context supports the answer or properly identifies missing info.
e2-q132,Supported,Supported,Supported,Context supports the answer or properly identifies missing info.
e2-q127,Supported,Supported,Supported,Context supports the answer or properly identifies missing info.
e2-q021,Supported,Supported,Supported,Context supports the answer or properly identifies missing info.
e2-q081,Supported,Supported,Supported,Context supports the answer or properly identifies missing info.
e2-q077,Supported,Supported,Supported,Context supports the answer or properly identifies missing info.
e2-q009,Supported,Supported,Supported,Context supports the answer or properly identifies missing info.
e2-q082,Supported,Supported,Supported,Context supports the answer or properly identifies missing info.
e2-q164,Supported,Supported,Supported,Context supports the answer or properly identifies missing info.
e2-q119,Supported,Supported,Supported,Context supports the answer or properly identifies missing info.
e2-q089,Supported,Supported,Supported,Context supports the answer or properly identifies missing info.
e2-q068,Supported,Supported,Supported,Context supports the answer or properly identifies missing info.
e2-q053,Supported,Supported,Supported,Context supports the answer or properly identifies missing info.
e2-q090,Supported,Supported,Supported,Context supports the answer or properly identifies missing info.
e2-q094,Supported,Supported,Supported,Context supports the answer or properly identifies missing info.
e2-q041,Supported,Supported,Supported,Context supports the answer or properly identifies missing info.
e2-q093,Supported,Supported,Supported,Context supports the answer or properly identifies missing info.
e2-q116,Supported,Supported,Supported,Context supports the answer or properly identifies missing info.
e2-q199,Supported,Supported,Supported,Context supports the answer or properly identifies missing info.
e2-q157,Supported,Supported,Supported,Context supports the answer or properly identifies missing info.
e2-q025,Supported,Supported,Supported,Context supports the answer or properly identifies missing info.
e2-q180,Supported,Supported,Supported,Context supports the answer or properly identifies missing info.
e2-q147,Supported,Supported,Supported,Context supports the answer or properly identifies missing info.
e2-q074,Supported,Supported,Supported,Context supports the answer or properly identifies missing info.
e2-q058,Supported,Supported,Supported,Context supports the answer or properly identifies missing info.
e2-q152,Supported,Supported,Supported,Context supports the answer or properly identifies missing info.
e2-q017,Supported,Supported,Supported,Context supports the answer or properly identifies missing info.
e2-q049,Supported,Supported,Supported,Context supports the answer or properly identifies missing info.
e2-q092,Supported,Supported,Supported,Context supports the answer or properly identifies missing info.
e2-q075,Supported,Supported,Supported,Context supports the answer or properly identifies missing info.
e2-q141,Supported,Supported,Supported,Context supports the answer or properly identifies missing info.
e2-q020,Supported,Supported,Supported,Context supports the answer or properly identifies missing info.
e2-q096,Supported,Supported,Supported,Context supports the answer or properly identifies missing info.
e2-q031,Supported,Supported,Supported,Context supports the answer or properly identifies missing info.
e2-q137,Supported,Supported,Supported,Context supports the answer or properly identifies missing info.
e2-q117,Supported,Supported,Supported,Context supports the answer or properly identifies missing info.
e2-q011,Supported,Supported,Supported,Context supports the answer or properly identifies missing info.
e2-q067,Supported,Supported,Supported,Context supports the answer or properly identifies missing info.
e2-q088,Supported,Supported,Supported,Context supports the answer or properly identifies missing info.
e2-q091,Supported,Supported,Supported,Context supports the answer or properly identifies missing info.
e2-q024,Supported,Supported,Supported,Context supports the answer or properly identifies missing info.
e2-q097,Supported,Supported,Supported,Context supports the answer or properly identifies missing info.
e2-q182,Supported,Supported,Supported,Context supports the answer or properly identifies missing info.
e2-q190,Supported,Supported,Supported,Context supports the answer or properly identifies missing info.
e2-q086,Supported,Supported,Supported,Context supports the answer or properly identifies missing info.
e2-q181,Supported,Supported,Supported,Context supports the answer or properly identifies missing info.
e2-q039,Supported,Supported,Supported,Context supports the answer or properly identifies missing info.
e2-q168,Supported,Supported,Supported,Context supports the answer or properly identifies missing info.
e2-q087,Supported,Supported,Supported,Context supports the answer or properly identifies missing info.
e2-q185,Hallucinated,Hallucinated,Hallucinated,Potential hallucination: answer details not found in context.
e2-q040,Supported,Supported,Supported,Context supports the answer or properly identifies missing info.
e2-q001,Supported,Supported,Supported,Context supports the answer or properly identifies missing info.
e2-q071,Supported,Supported,Supported,Context supports the answer or properly identifies missing info.
e2-q150,Supported,Supported,Supported,Context supports the answer or properly identifies missing info.
e2-q114,Supported,Supported,Supported,Context supports the answer or properly identifies missing info.
e2-q056,Supported,Supported,Supported,Context supports the answer or properly identifies missing info.
e2-q107,Supported,Supported,Supported,Context supports the answer or properly identifies missing info.
e2-q191,Supported,Supported,Supported,Context supports the answer or properly identifies missing info.
e2-q166,Supported,Supported,Supported,Context supports the answer or properly identifies missing info.
e2-q050,Supported,Supported,Supported,Context supports the answer or properly identifies missing info.
e2-q143,Supported,Supported,Supported,Context supports the answer or properly identifies missing info.
e2-q197,Supported,Supported,Supported,Context supports the answer or properly identifies missing info.
e2-q154,Supported,Supported,Supported,Context supports the answer or properly identifies missing info.
e2-q129,Supported,Supported,Supported,Context supports the answer or properly identifies missing info.
e2-q059,Supported,Supported,Supported,Context supports the answer or properly identifies missing info.
e2-q055,Supported,Supported,Supported,Context supports the answer or properly identifies missing info.
e2-q023,Supported,Supported,Supported,Context supports the answer or properly identifies missing info.
e2-q007,Supported,Supported,Supported,Context supports the answer or properly identifies missing info.
e2-q008,Supported,Supported,Supported,Context supports the answer or properly identifies missing info.
e2-q108,Supported,Supported,Supported,Context supports the answer or properly identifies missing info.
e2-q151,Supported,Supported,Supported,Context supports the answer or properly identifies missing info.
e2-q022,Supported,Supported,Supported,Context supports the answer or properly identifies missing info.
e2-q139,Supported,Supported,Supported,Context supports the answer or properly identifies missing info.
e2-q173,Supported,Supported,Supported,Context supports the answer or properly identifies missing info.
e2-q026,Supported,Supported,Supported,Context supports the answer or properly identifies missing info.
e2-q188,Supported,Supported,Supported,Context supports the answer or properly identifies missing info.
e2-q035,Supported,Supported,Supported,Context supports the answer or properly identifies missing info.
e2-q057,Hallucinated,Hallucinated,Hallucinated,Potential hallucination: answer details not found in context.
e2-q062,Supported,Supported,Supported,Context supports the answer or properly identifies missing info.
e2-q070,Supported,Supported,Supported,Context supports the answer or properly identifies missing info.
e2-q189,Supported,Supported,Supported,Context supports the answer or properly identifies missing info.
e2-q006,Supported,Supported,Supported,Context supports the answer or properly identifies missing info.
e2-q028,Supported,Supported,Supported,Context supports the answer or properly identifies missing info.
e2-q163,Supported,Supported,Supported,Context supports the answer or properly identifies missing info.
